--
-- PostgreSQL database dump
--

-- Dumped from database version 15.2
-- Dumped by pg_dump version 15.2

SET statement_timeout = 0;
SET lock_timeout = 0;
SET idle_in_transaction_session_timeout = 0;
SET client_encoding = 'UTF8';
SET standard_conforming_strings = on;
SELECT pg_catalog.set_config('search_path', '', false);
SET check_function_bodies = false;
SET xmloption = content;
SET client_min_messages = warning;
SET row_security = off;

--
-- Data for Name: users; Type: TABLE DATA; Schema: public; Owner: root
--

COPY public.ent_users (id, name, author, created_at, updated_at, deleted_at) FROM stdin;
9b2a7d0a-573d-4dfd-98a4-9c0d8a7b1bac	System	9b2a7d0a-573d-4dfd-98a4-9c0d8a7b1bac	2023-03-19 17:05:13	2023-03-19 17:05:15	\N
30b0310d-15bd-41b4-bd1d-17d5a875a6f6	Демидов Ярослав Дмитриевич	9b2a7d0a-573d-4dfd-98a4-9c0d8a7b1bac	2023-03-19 17:26:03	2023-03-19 17:26:06	\N
250702e4-ac1c-43f0-b299-f994af07a32a	Иванов Петр Михайлович	30b0310d-15bd-41b4-bd1d-17d5a875a6f6	2023-03-21 06:41:23	2023-03-21 06:41:23	\N
d99b273b-7eb5-419f-a1ba-f82b4495bc80	Голованов Михаил Сергеевич	30b0310d-15bd-41b4-bd1d-17d5a875a6f6	2023-03-21 06:41:23	2023-03-21 06:41:23	\N
de75a229-8a1c-44b1-9efc-1865f539aa3b	Иванов Петр Михайлович	30b0310d-15bd-41b4-bd1d-17d5a875a6f6	2023-04-04 13:51:18	2023-04-04 13:51:18	\N
e169f33f-febb-4dd5-8140-da6077bd5400	Иванов Петр Михайлович	30b0310d-15bd-41b4-bd1d-17d5a875a6f6	2023-04-04 13:54:29	2023-04-04 13:54:29	\N
\.


--
-- Data for Name: departments; Type: TABLE DATA; Schema: public; Owner: root
--

COPY public.ent_departments (id, "parentDepartment", "bpmId", "sasId", name, level, path, author, created_at, updated_at, deleted_at) FROM stdin;
fde4e629-f265-4297-b266-9bf698d9b3b0	\N	\N	\N	Компания	1	fde4e629-f265-4297-b266-9bf698d9b3b0	9b2a7d0a-573d-4dfd-98a4-9c0d8a7b1bac	2023-03-19 17:12:27	2023-03-19 17:12:29	\N
2ea9346e-e818-434f-b387-a7d14b2f7c4b	ec220a57-e3c2-4159-8d7c-6768b428531c	\N	\N	Управление методологии и организации внутреннего аудита	3	fde4e629-f265-4297-b266-9bf698d9b3b0/ec220a57-e3c2-4159-8d7c-6768b428531c/2ea9346e-e818-434f-b387-a7d14b2f7c4b	9b2a7d0a-573d-4dfd-98a4-9c0d8a7b1bac	2023-03-19 17:09:46	2023-03-19 17:09:49	\N
ec220a57-e3c2-4159-8d7c-6768b428531c	\N	\N	\N	Служба внутреннего аудита	2	fde4e629-f265-4297-b266-9bf698d9b3b0/ec220a57-e3c2-4159-8d7c-6768b428531c	9b2a7d0a-573d-4dfd-98a4-9c0d8a7b1bac	2023-03-19 17:07:37	2023-03-19 17:07:39	\N
\.


--
-- Data for Name: vacancies_types; Type: TABLE DATA; Schema: public; Owner: root
--

COPY public.ent_vacancies_types (id, name, author, created_at, updated_at, deleted_at) FROM stdin;
0fc2d088-490f-4d57-b1ac-cdb31396cfe9	Специалист 1 категории	9b2a7d0a-573d-4dfd-98a4-9c0d8a7b1bac	2023-03-19 17:20:22	2023-03-19 17:20:24	\N
a1392d5c-b82f-4bb0-af0d-0cb5ea470b41	Ведущий специалист	9b2a7d0a-573d-4dfd-98a4-9c0d8a7b1bac	2023-03-19 17:20:25	2023-03-19 17:20:28	\N
18f414ab-96be-49a2-afad-b0196e42f078	Главный специалист	9b2a7d0a-573d-4dfd-98a4-9c0d8a7b1bac	2023-03-19 17:20:30	2023-03-19 17:20:31	\N
304f433a-83b8-4f92-84c0-c26a83082a55	Менеджер	9b2a7d0a-573d-4dfd-98a4-9c0d8a7b1bac	2023-03-19 17:20:33	2023-03-19 17:20:34	\N
1d7c8cef-35a4-4e97-8180-e929e1e07a08	Заместитель начальника управления	9b2a7d0a-573d-4dfd-98a4-9c0d8a7b1bac	2023-03-19 17:20:36	2023-03-19 17:20:38	\N
331f76b7-359c-4016-8973-ad25b6477b1f	Начальник управления	9b2a7d0a-573d-4dfd-98a4-9c0d8a7b1bac	2023-03-19 17:20:39	2023-03-19 17:20:41	\N
\.


--
-- Data for Name: vacancies; Type: TABLE DATA; Schema: public; Owner: root
--

COPY public.ent_vacancies (id, type, department, "validFrom", "validUntil", author, created_at, updated_at, deleted_at) FROM stdin;
a1395941-e8c9-452f-b9b0-8e1f647c7e93	18f414ab-96be-49a2-afad-b0196e42f078	2ea9346e-e818-434f-b387-a7d14b2f7c4b	2023-03-19 17:22:56	\N	9b2a7d0a-573d-4dfd-98a4-9c0d8a7b1bac	2023-03-19 17:23:12	2023-03-19 17:23:14	\N
1e3f3d3d-a2b5-4fcc-83d1-a2d110a15271	304f433a-83b8-4f92-84c0-c26a83082a55	2ea9346e-e818-434f-b387-a7d14b2f7c4b	2023-03-19 17:30:24	\N	9b2a7d0a-573d-4dfd-98a4-9c0d8a7b1bac	2023-03-19 17:30:35	2023-03-19 17:30:38	\N
943cfa7c-7723-420e-8b19-1fbba63896dc	0fc2d088-490f-4d57-b1ac-cdb31396cfe9	2ea9346e-e818-434f-b387-a7d14b2f7c4b	2023-03-19 17:41:56	\N	9b2a7d0a-573d-4dfd-98a4-9c0d8a7b1bac	2023-03-19 17:42:09	2023-03-19 17:42:11	\N
\.




--
-- Data for Name: logins; Type: TABLE DATA; Schema: public; Owner: root
--

COPY public.ent_logins (id, "user", login, password, remember_token, author, "validFrom", "validUntil", created_at, updated_at, deleted_at) FROM stdin;
0f1c36d6-bafb-45cb-a9c8-228fca505ea2	30b0310d-15bd-41b4-bd1d-17d5a875a6f6	yaddemidov1	$2y$10$1OxB5yXpDwx/UXA1uF8ARui1M/KX1pF4HIXWMV7J92IJkoKBnl4P2	\N	9b2a7d0a-573d-4dfd-98a4-9c0d8a7b1bac	2023-03-23 23:14:59	\N	2023-03-23 23:15:03	2023-03-23 23:15:07	\N
\.



--
-- Data for Name: user_vacancy; Type: TABLE DATA; Schema: public; Owner: root
--

COPY public.rel_user_vacancy (id, "user", vacancy, author, "validFrom", "validUntil", created_at, updated_at, deleted_at) FROM stdin;
6281052e-5f44-4f37-ab09-10f48cf91494	30b0310d-15bd-41b4-bd1d-17d5a875a6f6	a1395941-e8c9-452f-b9b0-8e1f647c7e93	9b2a7d0a-573d-4dfd-98a4-9c0d8a7b1bac	2023-03-19 17:27:53	\N	2023-03-19 17:28:00	2023-03-19 17:28:02	\N
dbfcc98f-bc08-48c9-9c70-20bccc6a478a	250702e4-ac1c-43f0-b299-f994af07a32a	943cfa7c-7723-420e-8b19-1fbba63896dc	30b0310d-15bd-41b4-bd1d-17d5a875a6f6	2023-03-21 06:41:23	\N	2023-03-21 06:41:23	2023-03-21 06:41:23	\N
63695938-11a5-4fa5-b507-cfc1a3f4941f	d99b273b-7eb5-419f-a1ba-f82b4495bc80	a1395941-e8c9-452f-b9b0-8e1f647c7e93	30b0310d-15bd-41b4-bd1d-17d5a875a6f6	2023-03-21 06:41:23	\N	2023-03-21 06:41:23	2023-03-21 06:41:23	\N
d59078c7-08dd-459b-877d-c2c994e0a8cf	e169f33f-febb-4dd5-8140-da6077bd5400	1e3f3d3d-a2b5-4fcc-83d1-a2d110a15271	30b0310d-15bd-41b4-bd1d-17d5a875a6f6	2023-04-04 13:54:29	\N	2023-04-04 13:54:29	2023-04-04 13:54:29	\N
a3698623-fa88-4af1-b041-1914602f5298	e169f33f-febb-4dd5-8140-da6077bd5400	1e3f3d3d-a2b5-4fcc-83d1-a2d110a15271	30b0310d-15bd-41b4-bd1d-17d5a875a6f6	2023-04-04 13:54:29	\N	2023-04-04 13:54:29	2023-04-04 13:54:29	\N
\.


--
-- PostgreSQL database dump complete
--

