--
-- PostgreSQL database dump
--

-- Dumped from database version 15.2
-- Dumped by pg_dump version 15.2

SET statement_timeout = 0;
SET lock_timeout = 0;
SET idle_in_transaction_session_timeout = 0;
SET client_encoding = 'UTF8';
SET standard_conforming_strings = on;
SELECT pg_catalog.set_config('search_path', '', false);
SET check_function_bodies = false;
SET xmloption = content;
SET client_min_messages = warning;
SET row_security = off;

--
-- Data for Name: users; Type: TABLE DATA; Schema: public; Owner: root
--

COPY public.users (id, name, author, created_at, updated_at, deleted_at) FROM stdin;
9b2a7d0a-573d-4dfd-98a4-9c0d8a7b1bac	System	9b2a7d0a-573d-4dfd-98a4-9c0d8a7b1bac	2023-03-19 17:05:13	2023-03-19 17:05:15	\N
30b0310d-15bd-41b4-bd1d-17d5a875a6f6	Демидов Ярослав Дмитриевич	9b2a7d0a-573d-4dfd-98a4-9c0d8a7b1bac	2023-03-19 17:26:03	2023-03-19 17:26:06	\N
250702e4-ac1c-43f0-b299-f994af07a32a	Иванов Петр Михайлович	30b0310d-15bd-41b4-bd1d-17d5a875a6f6	2023-03-21 06:41:23	2023-03-21 06:41:23	\N
d99b273b-7eb5-419f-a1ba-f82b4495bc80	Голованов Михаил Сергеевич	30b0310d-15bd-41b4-bd1d-17d5a875a6f6	2023-03-21 06:41:23	2023-03-21 06:41:23	\N
de75a229-8a1c-44b1-9efc-1865f539aa3b	Иванов Петр Михайлович	30b0310d-15bd-41b4-bd1d-17d5a875a6f6	2023-04-04 13:51:18	2023-04-04 13:51:18	\N
e169f33f-febb-4dd5-8140-da6077bd5400	Иванов Петр Михайлович	30b0310d-15bd-41b4-bd1d-17d5a875a6f6	2023-04-04 13:54:29	2023-04-04 13:54:29	\N
\.


--
-- Data for Name: periods; Type: TABLE DATA; Schema: public; Owner: root
--

COPY public.periods (id, name, start, "end", desk, author, created_at, updated_at, deleted_at) FROM stdin;
\.


--
-- Data for Name: assurance_maps; Type: TABLE DATA; Schema: public; Owner: root
--

COPY public.assurance_maps (id, period, name, status, "statusDate", author, created_at, updated_at, deleted_at) FROM stdin;
\.


--
-- Data for Name: departments; Type: TABLE DATA; Schema: public; Owner: root
--

COPY public.departments (id, "parentDepartment", "bpmId", "sasId", name, level, path, author, created_at, updated_at, deleted_at) FROM stdin;
fde4e629-f265-4297-b266-9bf698d9b3b0	\N	\N	\N	Компания	1	fde4e629-f265-4297-b266-9bf698d9b3b0	9b2a7d0a-573d-4dfd-98a4-9c0d8a7b1bac	2023-03-19 17:12:27	2023-03-19 17:12:29	\N
2ea9346e-e818-434f-b387-a7d14b2f7c4b	ec220a57-e3c2-4159-8d7c-6768b428531c	\N	\N	Управление методологии и организации внутреннего аудита	3	fde4e629-f265-4297-b266-9bf698d9b3b0/ec220a57-e3c2-4159-8d7c-6768b428531c/2ea9346e-e818-434f-b387-a7d14b2f7c4b	9b2a7d0a-573d-4dfd-98a4-9c0d8a7b1bac	2023-03-19 17:09:46	2023-03-19 17:09:49	\N
ec220a57-e3c2-4159-8d7c-6768b428531c	\N	\N	\N	Служба внутреннего аудита	2	fde4e629-f265-4297-b266-9bf698d9b3b0/ec220a57-e3c2-4159-8d7c-6768b428531c	9b2a7d0a-573d-4dfd-98a4-9c0d8a7b1bac	2023-03-19 17:07:37	2023-03-19 17:07:39	\N
\.


--
-- Data for Name: automated_monitoring; Type: TABLE DATA; Schema: public; Owner: root
--

COPY public.automated_monitoring (id, department, "desc", author, created_at, updated_at, deleted_at) FROM stdin;
\.


--
-- Data for Name: assurance_map_automated_monitoring; Type: TABLE DATA; Schema: public; Owner: root
--

COPY public.assurance_map_automated_monitoring (id, "assuranceMap", "automatedMonitoring", author, created_at, updated_at, deleted_at) FROM stdin;
\.


--
-- Data for Name: collegiate_bodies_types; Type: TABLE DATA; Schema: public; Owner: root
--

COPY public.collegiate_bodies_types (id, name, author, created_at, updated_at, deleted_at) FROM stdin;
\.


--
-- Data for Name: collegiate_bodies; Type: TABLE DATA; Schema: public; Owner: root
--

COPY public.collegiate_bodies (id, type, "desc", "sourceDepartment", author, created_at, updated_at, deleted_at) FROM stdin;
\.


--
-- Data for Name: assurance_map_collegiate_body; Type: TABLE DATA; Schema: public; Owner: root
--

COPY public.assurance_map_collegiate_body (id, "assuranceMap", "collegiateBody", author, created_at, updated_at, deleted_at) FROM stdin;
\.


--
-- Data for Name: documents_types; Type: TABLE DATA; Schema: public; Owner: root
--

COPY public.documents_types (id, name, author, created_at, updated_at, deleted_at) FROM stdin;
\.


--
-- Data for Name: documents; Type: TABLE DATA; Schema: public; Owner: root
--

COPY public.documents (id, name, type, "validFrom", "validUntil", author, created_at, updated_at, deleted_at) FROM stdin;
\.


--
-- Data for Name: assurance_map_document; Type: TABLE DATA; Schema: public; Owner: root
--

COPY public.assurance_map_document (id, "assuranceMap", document, author, created_at, updated_at, deleted_at) FROM stdin;
\.


--
-- Data for Name: external_controllers_types; Type: TABLE DATA; Schema: public; Owner: root
--

COPY public.external_controllers_types (id, name, author, created_at, updated_at, deleted_at) FROM stdin;
\.


--
-- Data for Name: objects; Type: TABLE DATA; Schema: public; Owner: root
--

COPY public.objects (id, "sasId", name, code, "supervisingDivision", supervisor, "validFrom", "validUntil", author, created_at, updated_at, deleted_at) FROM stdin;
\.


--
-- Data for Name: external_inspections; Type: TABLE DATA; Schema: public; Owner: root
--

COPY public.external_inspections (id, "externalControllerType", "desc", object, "sourceDepartment", author, created_at, updated_at, deleted_at) FROM stdin;
\.


--
-- Data for Name: assurance_map_external_inspection; Type: TABLE DATA; Schema: public; Owner: root
--

COPY public.assurance_map_external_inspection (id, "assuranceMap", "externalInspection", author, created_at, updated_at, deleted_at) FROM stdin;
\.


--
-- Data for Name: processes_types; Type: TABLE DATA; Schema: public; Owner: root
--

COPY public.processes_types (id, name, author, created_at, updated_at, deleted_at) FROM stdin;
\.


--
-- Data for Name: vacancies_types; Type: TABLE DATA; Schema: public; Owner: root
--

COPY public.vacancies_types (id, name, author, created_at, updated_at, deleted_at) FROM stdin;
0fc2d088-490f-4d57-b1ac-cdb31396cfe9	Специалист 1 категории	9b2a7d0a-573d-4dfd-98a4-9c0d8a7b1bac	2023-03-19 17:20:22	2023-03-19 17:20:24	\N
a1392d5c-b82f-4bb0-af0d-0cb5ea470b41	Ведущий специалист	9b2a7d0a-573d-4dfd-98a4-9c0d8a7b1bac	2023-03-19 17:20:25	2023-03-19 17:20:28	\N
18f414ab-96be-49a2-afad-b0196e42f078	Главный специалист	9b2a7d0a-573d-4dfd-98a4-9c0d8a7b1bac	2023-03-19 17:20:30	2023-03-19 17:20:31	\N
304f433a-83b8-4f92-84c0-c26a83082a55	Менеджер	9b2a7d0a-573d-4dfd-98a4-9c0d8a7b1bac	2023-03-19 17:20:33	2023-03-19 17:20:34	\N
1d7c8cef-35a4-4e97-8180-e929e1e07a08	Заместитель начальника управления	9b2a7d0a-573d-4dfd-98a4-9c0d8a7b1bac	2023-03-19 17:20:36	2023-03-19 17:20:38	\N
331f76b7-359c-4016-8973-ad25b6477b1f	Начальник управления	9b2a7d0a-573d-4dfd-98a4-9c0d8a7b1bac	2023-03-19 17:20:39	2023-03-19 17:20:41	\N
\.


--
-- Data for Name: vacancies; Type: TABLE DATA; Schema: public; Owner: root
--

COPY public.vacancies (id, name, type, department, "validFrom", "validUntil", author, created_at, updated_at, deleted_at) FROM stdin;
a1395941-e8c9-452f-b9b0-8e1f647c7e93	Глав. спец. УМиОВА	18f414ab-96be-49a2-afad-b0196e42f078	2ea9346e-e818-434f-b387-a7d14b2f7c4b	2023-03-19 17:22:56	\N	9b2a7d0a-573d-4dfd-98a4-9c0d8a7b1bac	2023-03-19 17:23:12	2023-03-19 17:23:14	\N
1e3f3d3d-a2b5-4fcc-83d1-a2d110a15271	Менеджер УМиОВА	304f433a-83b8-4f92-84c0-c26a83082a55	2ea9346e-e818-434f-b387-a7d14b2f7c4b	2023-03-19 17:30:24	\N	9b2a7d0a-573d-4dfd-98a4-9c0d8a7b1bac	2023-03-19 17:30:35	2023-03-19 17:30:38	\N
943cfa7c-7723-420e-8b19-1fbba63896dc	Спец. 1 категории УМиОВА	0fc2d088-490f-4d57-b1ac-cdb31396cfe9	2ea9346e-e818-434f-b387-a7d14b2f7c4b	2023-03-19 17:41:56	\N	9b2a7d0a-573d-4dfd-98a4-9c0d8a7b1bac	2023-03-19 17:42:09	2023-03-19 17:42:11	\N
\.


--
-- Data for Name: processes; Type: TABLE DATA; Schema: public; Owner: root
--

COPY public.processes (id, "parentProcess", path, level, type, "sasId", "bpmId", name, code, owner, "validFrom", "validUntil", author, created_at, updated_at, deleted_at) FROM stdin;
\.


--
-- Data for Name: ics_matrices; Type: TABLE DATA; Schema: public; Owner: root
--

COPY public.ics_matrices (id, object, process, "desc", ics, "impactOnRisk", "testingYear", "updatingYear", author, created_at, updated_at, deleted_at) FROM stdin;
\.


--
-- Data for Name: assurance_map_ics_matrix; Type: TABLE DATA; Schema: public; Owner: root
--

COPY public.assurance_map_ics_matrix (id, "assuranceMap", "icsMatrix", author, created_at, updated_at, deleted_at) FROM stdin;
\.


--
-- Data for Name: ics_works_types; Type: TABLE DATA; Schema: public; Owner: root
--

COPY public.ics_works_types (id, name, author, created_at, updated_at, deleted_at) FROM stdin;
\.


--
-- Data for Name: ics_works; Type: TABLE DATA; Schema: public; Owner: root
--

COPY public.ics_works (id, type, object, process, "desc", executor, deadline, "icsPerimeter", author, created_at, updated_at, deleted_at) FROM stdin;
\.


--
-- Data for Name: assurance_map_ics_work; Type: TABLE DATA; Schema: public; Owner: root
--

COPY public.assurance_map_ics_work (id, "assuranceMap", "icsWork", author, created_at, updated_at, deleted_at) FROM stdin;
\.


--
-- Data for Name: internal_inspections; Type: TABLE DATA; Schema: public; Owner: root
--

COPY public.internal_inspections (id, department, "desc", object, author, created_at, updated_at, deleted_at) FROM stdin;
\.


--
-- Data for Name: assurance_map_internal_inspection; Type: TABLE DATA; Schema: public; Owner: root
--

COPY public.assurance_map_internal_inspection (id, "assuranceMap", "internalInspection", author, created_at, updated_at, deleted_at) FROM stdin;
\.


--
-- Data for Name: issues_types; Type: TABLE DATA; Schema: public; Owner: root
--

COPY public.issues_types (id, name, author, created_at, updated_at, deleted_at) FROM stdin;
\.


--
-- Data for Name: issues; Type: TABLE DATA; Schema: public; Owner: root
--

COPY public.issues (id, "sasId", type, desk, author, created_at, updated_at, deleted_at) FROM stdin;
\.


--
-- Data for Name: assurance_map_issue; Type: TABLE DATA; Schema: public; Owner: root
--

COPY public.assurance_map_issue (id, "assuranceMap", issue, author, created_at, updated_at, deleted_at) FROM stdin;
\.


--
-- Data for Name: assurance_map_process; Type: TABLE DATA; Schema: public; Owner: root
--

COPY public.assurance_map_process (id, "assuranceMap", process, author, created_at, updated_at, deleted_at) FROM stdin;
\.


--
-- Data for Name: risks_types; Type: TABLE DATA; Schema: public; Owner: root
--

COPY public.risks_types (id, name, author, created_at, updated_at, deleted_at) FROM stdin;
\.


--
-- Data for Name: risks; Type: TABLE DATA; Schema: public; Owner: root
--

COPY public.risks (id, "sasId", "bpmId", name, type, code, "validFrom", "validUntil", author, created_at, updated_at, deleted_at) FROM stdin;
\.


--
-- Data for Name: assurance_map_risk; Type: TABLE DATA; Schema: public; Owner: root
--

COPY public.assurance_map_risk (id, "assuranceMap", risk, author, created_at, updated_at, deleted_at) FROM stdin;
\.


--
-- Data for Name: assurance_map_self_rating; Type: TABLE DATA; Schema: public; Owner: root
--

COPY public.assurance_map_self_rating (id, "assuranceMap", "selfRating", author, created_at, updated_at, deleted_at) FROM stdin;
\.


--
-- Data for Name: audits; Type: TABLE DATA; Schema: public; Owner: root
--

COPY public.audits (id, "sasId", code, name, "desc", author, created_at, updated_at, deleted_at) FROM stdin;
\.


--
-- Data for Name: audit_issue; Type: TABLE DATA; Schema: public; Owner: root
--

COPY public.audit_issue (id, audit, issue, author, created_at, updated_at, deleted_at) FROM stdin;
\.


--
-- Data for Name: audit_object; Type: TABLE DATA; Schema: public; Owner: root
--

COPY public.audit_object (id, audit, object, author, created_at, updated_at, deleted_at) FROM stdin;
\.


--
-- Data for Name: audit_process; Type: TABLE DATA; Schema: public; Owner: root
--

COPY public.audit_process (id, audit, process, author, created_at, updated_at, deleted_at) FROM stdin;
\.


--
-- Data for Name: automated_monitoring_process; Type: TABLE DATA; Schema: public; Owner: root
--

COPY public.automated_monitoring_process (id, "automatedMonitoring", process, author, created_at, updated_at, deleted_at) FROM stdin;
\.


--
-- Data for Name: systems; Type: TABLE DATA; Schema: public; Owner: root
--

COPY public.systems (id, name, author, created_at, updated_at, deleted_at) FROM stdin;
\.


--
-- Data for Name: automated_monitoring_system; Type: TABLE DATA; Schema: public; Owner: root
--

COPY public.automated_monitoring_system (id, "automatedMonitoring", system, author, created_at, updated_at, deleted_at) FROM stdin;
\.


--
-- Data for Name: collegiate_body_document; Type: TABLE DATA; Schema: public; Owner: root
--

COPY public.collegiate_body_document (id, "collegiateBody", document, author, created_at, updated_at, deleted_at) FROM stdin;
\.


--
-- Data for Name: collegiate_body_process; Type: TABLE DATA; Schema: public; Owner: root
--

COPY public.collegiate_body_process (id, "collegiateBody", process, author, created_at, updated_at, deleted_at) FROM stdin;
\.


--
-- Data for Name: department_process; Type: TABLE DATA; Schema: public; Owner: root
--

COPY public.department_process (id, department, process, desk, "controlFunction", result, author, created_at, updated_at, deleted_at) FROM stdin;
\.


--
-- Data for Name: document_processes; Type: TABLE DATA; Schema: public; Owner: root
--

COPY public.document_processes (id, document, process, author, created_at, updated_at, deleted_at) FROM stdin;
\.


--
-- Data for Name: fines; Type: TABLE DATA; Schema: public; Owner: root
--

COPY public.fines (id, object, sum, "desc", author, created_at, updated_at, deleted_at) FROM stdin;
\.


--
-- Data for Name: external_inspection_fine; Type: TABLE DATA; Schema: public; Owner: root
--

COPY public.external_inspection_fine (id, inspection, fine, author, created_at, updated_at, deleted_at) FROM stdin;
\.


--
-- Data for Name: external_inspection_object; Type: TABLE DATA; Schema: public; Owner: root
--

COPY public.external_inspection_object (id, inspection, object, author, created_at, updated_at, deleted_at) FROM stdin;
\.


--
-- Data for Name: external_inspection_process; Type: TABLE DATA; Schema: public; Owner: root
--

COPY public.external_inspection_process (id, inspection, process, author, created_at, updated_at, deleted_at) FROM stdin;
\.


--
-- Data for Name: external_inspection_risk; Type: TABLE DATA; Schema: public; Owner: root
--

COPY public.external_inspection_risk (id, "externalInspection", risk, author, created_at, updated_at, deleted_at) FROM stdin;
\.


--
-- Data for Name: failed_jobs; Type: TABLE DATA; Schema: public; Owner: root
--

COPY public.failed_jobs (id, uuid, connection, queue, payload, exception, failed_at) FROM stdin;
\.


--
-- Data for Name: internal_inspection_object; Type: TABLE DATA; Schema: public; Owner: root
--

COPY public.internal_inspection_object (id, object, inspection, author, created_at, updated_at, deleted_at) FROM stdin;
\.


--
-- Data for Name: internal_inspection_process; Type: TABLE DATA; Schema: public; Owner: root
--

COPY public.internal_inspection_process (id, inspection, process, author, created_at, updated_at, deleted_at) FROM stdin;
\.


--
-- Data for Name: internal_inspection_risk; Type: TABLE DATA; Schema: public; Owner: root
--

COPY public.internal_inspection_risk (id, "internalInspection", risk, author, created_at, updated_at, deleted_at) FROM stdin;
\.


--
-- Data for Name: internal_inspections_types; Type: TABLE DATA; Schema: public; Owner: root
--

COPY public.internal_inspections_types (id, name, author, created_at, updated_at, deleted_at) FROM stdin;
\.


--
-- Data for Name: issue_process; Type: TABLE DATA; Schema: public; Owner: root
--

COPY public.issue_process (id, issue, process, author, created_at, updated_at, deleted_at) FROM stdin;
\.


--
-- Data for Name: logins; Type: TABLE DATA; Schema: public; Owner: root
--

COPY public.logins (id, "user", login, password, remember_token, author, "validFrom", "validUntil", created_at, updated_at, deleted_at) FROM stdin;
0f1c36d6-bafb-45cb-a9c8-228fca505ea2	30b0310d-15bd-41b4-bd1d-17d5a875a6f6	yaddemidov1	$2y$10$1OxB5yXpDwx/UXA1uF8ARui1M/KX1pF4HIXWMV7J92IJkoKBnl4P2	\N	9b2a7d0a-573d-4dfd-98a4-9c0d8a7b1bac	2023-03-23 23:14:59	\N	2023-03-23 23:15:03	2023-03-23 23:15:07	\N
\.


--
-- Data for Name: migrations; Type: TABLE DATA; Schema: public; Owner: root
--

COPY public.migrations (id, migration, batch) FROM stdin;
1	2014_10_12_000000_create_users_table	1
2	2014_10_12_100000_create_password_reset_tokens_table	1
3	2019_08_19_000000_create_failed_jobs_table	1
4	2019_12_14_000001_create_personal_access_tokens_table	1
5	2023_03_15_121400_create_users_table	1
6	2023_03_15_121408_01_create_departments_table	1
7	2023_03_15_121409_01_create_vacancy_types_table	1
8	2023_03_15_121409_02_create_vacancies_table	1
9	2023_03_15_121409_03_add_dependencies_to_users	1
10	2023_03_15_121410_create_periods_table	1
11	2023_03_15_121411_01_create_documents_types_table	1
12	2023_03_15_121411_02_create_documents_table	1
13	2023_03_15_121414_create_assurance_maps_table	1
14	2023_03_15_121415_create_objects_table	1
15	2023_03_15_121420_create_systems_table	1
16	2023_03_15_121422_create_internal_inspections_types_table	1
17	2023_03_15_121423_create_internal_inspections_table	1
18	2023_03_15_121426_create_processes_types_table	1
19	2023_03_15_121427_create_processes_table	1
20	2023_03_15_121428_create_ics_works_types_table	1
21	2023_03_15_121429_create_ics_works_table	1
22	2023_03_15_121430_create_audits_table	1
23	2023_03_15_121431_create_risks_types_table	1
24	2023_03_15_121432_create_risks_table	1
25	2023_03_15_121435_create_collegiate_bodies_types_table	1
26	2023_03_15_121436_create_collegiate_bodies_table	1
27	2023_03_15_121437_create_fines_table	1
28	2023_03_15_121438_create_issues_types_table	1
29	2023_03_15_121439_create_issues_table	1
30	2023_03_15_121444_create_automated_monitoring_table	1
31	2023_03_15_121448_create_external_controllers_types_table	1
32	2023_03_15_121449_create_external_inspections_table	1
33	2023_03_15_121454_create_ics_matrices_table	1
34	2023_03_15_121460_create_internal_inspection_process_table	1
35	2023_03_15_121461_create_internal_inspection_risk_table	1
36	2023_03_15_121462_create_internal_inspection_object_table	1
37	2023_03_15_121463_create_assurance_map_external_inspection_table	1
38	2023_03_15_121464_create_automated_monitoring_system_table	1
39	2023_03_15_121465_create_external_inspection_fine_table	1
40	2023_03_15_121466_create_audit_object_table	1
41	2023_03_15_121467_create_issue_process_table	1
42	2023_03_15_121468_create_risk_rates_table	1
43	2023_03_15_121469_create_risk_risk_table	1
44	2023_03_15_121470_create_assurance_map_self_rating_table	1
45	2023_03_15_121471_create_assurance_map_process_table	1
46	2023_03_15_121472_create_assurance_map_document_table	1
47	2023_03_15_121473_create_assurance_map_automated_monitoring_table	1
48	2023_03_15_121474_create_assurance_map_ics_work_table	1
49	2023_03_15_121475_create_document_processes_table	1
50	2023_03_15_121476_create_collegiate_body_process_table	1
51	2023_03_15_121477_create_department_process_table	1
52	2023_03_15_121478_create_assurance_map_ics_matrix_table	1
53	2023_03_15_121479_create_audit_process_table	1
54	2023_03_15_121480_create_external_inspection_object_table	1
55	2023_03_15_121481_create_external_inspection_process_table	1
56	2023_03_15_121482_create_collegiate_body_document_table	1
57	2023_03_15_121483_create_audit_issue_table	1
58	2023_03_15_121484_create_assurance_map_issue_table	1
59	2023_03_15_121485_create_assurance_map_collegiate_body_table	1
60	2023_03_15_121486_create_assurance_map_internal_inspection_table	1
61	2023_03_15_121487_create_risk_processes_table	1
62	2023_03_15_121488_create_external_inspection_risk_table	1
63	2023_03_15_121489_create_assurance_map_risk_table	1
64	2023_03_15_121490_create_automated_monitoring_process_table	1
65	2023_03_17_221700_create_permissions_table	1
66	2023_03_17_221701_create_roles_table	1
67	2023_03_17_221702_create_logins_table	1
68	2023_03_17_221704_create_user_role_table	1
69	2023_03_17_221705_create_role_permission_table	1
70	2023_03_19_131417_create_user_vacancy_table	1
\.


--
-- Data for Name: password_reset_tokens; Type: TABLE DATA; Schema: public; Owner: root
--

COPY public.password_reset_tokens (email, token, created_at) FROM stdin;
\.


--
-- Data for Name: permissions; Type: TABLE DATA; Schema: public; Owner: root
--

COPY public.permissions (id, name, permission, "desc", author, created_at, updated_at, deleted_at) FROM stdin;
\.


--
-- Data for Name: personal_access_tokens; Type: TABLE DATA; Schema: public; Owner: root
--

COPY public.personal_access_tokens (id, tokenable_type, tokenable_id, name, token, abilities, last_used_at, expires_at, created_at, updated_at, deleted_at) FROM stdin;
5df56de2-5f13-441d-88cb-40b27b44d0a7	App\\Models\\Login	0f1c36d6-bafb-45cb-a9c8-228fca505ea2	auth_token	21ca07360f5f7aeddf89ca96fd422655602908d2fc7d0fe123a710d3844c651f	["*"]	\N	\N	2023-03-28 17:44:34	2023-03-28 17:44:34	\N
77fd8629-8ec1-48fb-b65c-054b4323d0bf	App\\Models\\Login	0f1c36d6-bafb-45cb-a9c8-228fca505ea2	auth_token	cbd0d41ecaa196f3d9ff047f049ab16bd3393ab15bb01a86b15d95efdf324790	["*"]	\N	\N	2023-03-28 17:46:08	2023-03-28 17:46:08	\N
69b62d53-0f34-4dd1-abbc-1b50ef439b76	App\\Models\\Login	0f1c36d6-bafb-45cb-a9c8-228fca505ea2	auth_token	a58ca5d6c724a9e91431f64019bef664fbe4856323a3f27ba53e816864d3c10f	["*"]	\N	\N	2023-03-28 18:51:09	2023-03-28 18:51:09	\N
e0ec2dc9-38d9-46d0-adb3-f518e7c998ba	App\\Models\\Login	0f1c36d6-bafb-45cb-a9c8-228fca505ea2	auth_token	798fdd4c2ecf74ba4ca03bf5b6cfcc3029428b39713dfc577de5fea3ccda02a5	["*"]	\N	\N	2023-03-28 19:09:44	2023-03-28 19:09:44	\N
df5f5cb8-d591-4de9-be76-65f0c7c26487	App\\Models\\Login	0f1c36d6-bafb-45cb-a9c8-228fca505ea2	auth_token	36fb76cabcce6020229033fdd8ea44a992c1c7d0a0d820be185107a5bf61a65e	["*"]	\N	\N	2023-03-29 06:37:03	2023-03-29 06:37:03	\N
a224af0a-356b-42ec-b53d-9ba334a198a5	App\\Models\\Login	0f1c36d6-bafb-45cb-a9c8-228fca505ea2	auth_token	1d2d25690f52188a4b12308d8b37ede4e1084aae65726474b36acf139aa7ec84	["*"]	\N	\N	2023-03-29 06:37:04	2023-03-29 06:37:04	\N
bdfdcddc-9f4f-43c9-89d0-53d5bf3e8f75	App\\Models\\Login	0f1c36d6-bafb-45cb-a9c8-228fca505ea2	auth_token	434d10589ada394dd694f1da3b89898e46bbd381b1a99b56abb16b9796bdc9a0	["*"]	2023-03-29 07:32:13	\N	2023-03-29 06:45:38	2023-03-29 07:32:13	\N
0f40efcb-42be-4c3c-90bd-2e501b0aab0d	App\\Models\\Login	0f1c36d6-bafb-45cb-a9c8-228fca505ea2	auth_token	d0789fd84905ad831644fa95bc1d42851b1431835c3cc13fe7a439e527504c4d	["*"]	2023-03-29 14:19:57	\N	2023-03-29 13:21:25	2023-03-29 14:19:57	\N
f850a3f9-1dd6-41e4-ad4b-c32e972ddf4a	App\\Models\\Login	0f1c36d6-bafb-45cb-a9c8-228fca505ea2	auth_token	3a5a5cdef3ff6dc8265680921cec980772267963bbc5116402965107caf57959	["*"]	2023-03-30 10:22:44	\N	2023-03-30 09:46:49	2023-03-30 10:22:44	\N
b57a8984-38e9-4e22-982b-174178b476e7	App\\Models\\Login	0f1c36d6-bafb-45cb-a9c8-228fca505ea2	auth_token	0fcac53133fdd8d3a4dc2fcb25ac417e575b6ce2157770ac1da963f27a921324	["*"]	2023-03-29 09:50:58	\N	2023-03-29 09:06:15	2023-03-29 09:50:58	\N
f2406da0-6e00-4b1d-a763-19a9541125f9	App\\Models\\Login	0f1c36d6-bafb-45cb-a9c8-228fca505ea2	auth_token	4517e6b194246c5c5ca46982f3a98dea79eb9bb8e2302c8919cd7dc5fafd69dd	["*"]	2023-04-02 10:33:51	\N	2023-04-02 09:42:28	2023-04-02 10:33:51	\N
47e2c0b0-450a-40e8-b3fa-7edcd6d61934	App\\Models\\Login	0f1c36d6-bafb-45cb-a9c8-228fca505ea2	auth_token	3811d40a73397c34e24793a3d8654035b74213de7214db97e4ae3071bf0f92e1	["*"]	2023-03-30 12:10:28	\N	2023-03-30 11:48:50	2023-03-30 12:10:28	\N
f14e160a-d929-4c8c-a85f-0f7790e013d7	App\\Models\\Login	0f1c36d6-bafb-45cb-a9c8-228fca505ea2	auth_token	9b929fd5efbb53fa83883b9e4fd24c27fdbb097affcc58eb814fcc0b86353eca	["*"]	2023-03-29 12:57:03	\N	2023-03-29 12:14:17	2023-03-29 12:57:03	\N
6dce6acf-cfa8-4e28-b791-38566d4dfc20	App\\Models\\Login	0f1c36d6-bafb-45cb-a9c8-228fca505ea2	auth_token	bb05db411f9c55368d18cd0f6f532b400c2bb83607dac046ad55106585b28973	["*"]	2023-03-30 20:37:41	\N	2023-03-30 20:29:22	2023-03-30 20:37:41	\N
41fc2e52-2733-4a5b-b1eb-9b3c4ba7da9f	App\\Models\\Login	0f1c36d6-bafb-45cb-a9c8-228fca505ea2	auth_token	da7341161bfce2f4187c31cf1edc37a51138cbd01c286839810360a29ab38577	["*"]	2023-03-29 20:45:07	\N	2023-03-29 19:55:49	2023-03-29 20:45:07	\N
60bea873-59b1-49d7-90a2-f08d53ec2c89	App\\Models\\Login	0f1c36d6-bafb-45cb-a9c8-228fca505ea2	auth_token	0b26d286a3c9dacc528e534740ac337e6bd29cb47abc4e041a6020416e373236	["*"]	2023-03-29 14:52:05	\N	2023-03-29 14:23:15	2023-03-29 14:52:05	\N
a791c4a1-1dc0-40d1-aa0f-e5895654bf65	App\\Models\\Login	0f1c36d6-bafb-45cb-a9c8-228fca505ea2	auth_token	e4f63beea99c9a0b3e6f566fd94387bf43255e6ad41d2f7b388fb2fc9e599a1d	["*"]	2023-04-04 14:15:42	\N	2023-04-04 13:53:21	2023-04-04 14:15:42	\N
677b4945-f75e-434f-9a1b-6ed3423fdd94	App\\Models\\Login	0f1c36d6-bafb-45cb-a9c8-228fca505ea2	auth_token	1a25c9bea9e31a9633b14d7d3ed508d3484260129884e25ef61cbd72e4e166b7	["*"]	2023-03-29 21:20:07	\N	2023-03-29 21:13:06	2023-03-29 21:20:07	\N
50611023-451d-48f0-b026-dbfd8d534817	App\\Models\\Login	0f1c36d6-bafb-45cb-a9c8-228fca505ea2	auth_token	b20ce6f53b1789a3b87638d09b114dc6196efcedfb43064f58f64d3d6a7a820e	["*"]	2023-04-03 12:09:40	\N	2023-04-03 11:46:39	2023-04-03 12:09:40	\N
86c6857c-20f4-47b0-b469-d4345be53320	App\\Models\\Login	0f1c36d6-bafb-45cb-a9c8-228fca505ea2	auth_token	96ebe27573d39bd43c58bf07400c30168a564d324fce669b9900d25cf11bb3aa	["*"]	2023-03-30 09:28:09	\N	2023-03-30 08:31:58	2023-03-30 09:28:09	\N
25b1b1dd-dee3-43e5-b330-0a4ad3bbe6ad	App\\Models\\Login	0f1c36d6-bafb-45cb-a9c8-228fca505ea2	auth_token	c788d094087a59fd3ef110a2d667456c62eb670bbb69fefcf7d4900ea086ca17	["*"]	2023-03-29 11:58:47	\N	2023-03-29 11:11:30	2023-03-29 11:58:47	\N
a9ed43e5-eafb-432f-9b48-853974ddb562	App\\Models\\Login	0f1c36d6-bafb-45cb-a9c8-228fca505ea2	auth_token	5adff57ec05dd71fe8202ad86b5ca400b26a81381470429aea151c88b7917001	["*"]	2023-03-30 07:59:47	\N	2023-03-30 07:21:16	2023-03-30 07:59:47	\N
ea20013f-c1ee-4a0c-8fa2-4c4dfe9049db	App\\Models\\Login	0f1c36d6-bafb-45cb-a9c8-228fca505ea2	auth_token	bf1a68219578f661a35b926be0f002d506f44673f741fb8e99e30e8c016ae2cf	["*"]	2023-04-02 13:04:44	\N	2023-04-02 12:59:27	2023-04-02 13:04:44	\N
efbc11fd-8ae7-47c3-9285-bd5c10358f53	App\\Models\\Login	0f1c36d6-bafb-45cb-a9c8-228fca505ea2	auth_token	617eb424603ede8f56dd4fcdb56c49e6d76983a996c6e95140199df5d0d99fde	["*"]	\N	\N	2023-04-03 08:36:27	2023-04-03 08:36:27	\N
c4370a89-d0ff-47f6-bf58-c664eee0c54b	App\\Models\\Login	0f1c36d6-bafb-45cb-a9c8-228fca505ea2	auth_token	646fb2640c8c0eae406d654f6c6d901da1f2cf2f5de0c7cdbd6158c85ef53d86	["*"]	2023-03-30 20:16:50	\N	2023-03-30 19:27:54	2023-03-30 20:16:50	\N
c5a87c59-529a-4571-96cf-376653c25982	App\\Models\\Login	0f1c36d6-bafb-45cb-a9c8-228fca505ea2	auth_token	692684f246294b1de1ac67745aa120f9fc3391105ce22c82dc456982c316665e	["*"]	2023-03-30 11:48:12	\N	2023-03-30 10:48:17	2023-03-30 11:48:12	\N
e172b8ba-f815-4a1b-aee4-4b2c3badf1f3	App\\Models\\Login	0f1c36d6-bafb-45cb-a9c8-228fca505ea2	auth_token	7219a05603745778c50fda0b4341ae7054e9ed1c3d201578d9b763aea56f8e72	["*"]	2023-04-03 14:27:47	\N	2023-04-03 13:30:10	2023-04-03 14:27:47	\N
908489c1-34a1-4d1d-9c56-dd7fba472463	App\\Models\\Login	0f1c36d6-bafb-45cb-a9c8-228fca505ea2	auth_token	6c14a215d3d0d7db301f6cdb3a2f462f2602912d78a24ade4d2f56f11c861d80	["*"]	2023-04-03 11:38:15	\N	2023-04-03 10:44:36	2023-04-03 11:38:15	\N
f355e32f-ee19-4511-847a-c51822fd3582	App\\Models\\Login	0f1c36d6-bafb-45cb-a9c8-228fca505ea2	auth_token	666ad2ee93a45de1179ea01753c8a4e7a51cd8c6c55ef4f0d013eac239b0c47b	["*"]	2023-04-02 12:55:10	\N	2023-04-02 11:56:36	2023-04-02 12:55:10	\N
d5898fb4-ffd6-4ef4-b131-7e496a722cd9	App\\Models\\Login	0f1c36d6-bafb-45cb-a9c8-228fca505ea2	auth_token	c78b3e3870ff22f8b41af9fe8f39ff3929ab8548e5784b6bd90abbdc250cdb14	["*"]	2023-04-01 19:41:13	\N	2023-04-01 18:42:37	2023-04-01 19:41:13	\N
e7029e34-f6b6-496a-8567-6b93a3a0c1cb	App\\Models\\Login	0f1c36d6-bafb-45cb-a9c8-228fca505ea2	auth_token	0b462fd52046c05fe6a8e986b0aab24cc74383e2b21cc69d04a100d366994bfd	["*"]	2023-04-02 11:56:30	\N	2023-04-02 10:56:31	2023-04-02 11:56:30	\N
52dd6f4c-3992-4f9d-beb9-fbc4513622d3	App\\Models\\Login	0f1c36d6-bafb-45cb-a9c8-228fca505ea2	auth_token	bab62c898c141fc828ecd1d1872cf7088c49fe12868174a0f9905a9cb94257df	["*"]	2023-04-03 09:23:56	\N	2023-04-03 08:36:54	2023-04-03 09:23:56	\N
1b42ebcb-8e88-40cc-8e92-750968109867	App\\Models\\Login	0f1c36d6-bafb-45cb-a9c8-228fca505ea2	auth_token	1418ea0f2fd333cfab1817411df40a3616726a524d8264fd9f7c212c06b3ce99	["*"]	2023-04-03 14:31:40	\N	2023-04-03 14:31:02	2023-04-03 14:31:40	\N
14bdee56-c009-4663-889b-6ced25282802	App\\Models\\Login	0f1c36d6-bafb-45cb-a9c8-228fca505ea2	auth_token	c98f97ff444003e3c74b917c36d1fd7b7546440dd3bebd7e0e755f9c479b2f42	["*"]	2023-04-04 13:51:18	\N	2023-04-04 12:52:25	2023-04-04 13:51:18	\N
55d35613-fd28-4a5a-a395-fb51183c46cb	App\\Models\\Login	0f1c36d6-bafb-45cb-a9c8-228fca505ea2	auth_token	1190a13e106c5b38869c623c4502108c296eba9d370de545016c3e0e9736cd3e	["*"]	2023-04-04 12:36:14	\N	2023-04-04 11:50:14	2023-04-04 12:36:14	\N
\.


--
-- Data for Name: risk_processes; Type: TABLE DATA; Schema: public; Owner: root
--

COPY public.risk_processes (id, process, risk, author, created_at, updated_at, deleted_at) FROM stdin;
\.


--
-- Data for Name: risk_rates; Type: TABLE DATA; Schema: public; Owner: root
--

COPY public.risk_rates (id, risk, process, object, rate, author, created_at, updated_at, deleted_at) FROM stdin;
\.


--
-- Data for Name: risk_risk; Type: TABLE DATA; Schema: public; Owner: root
--

COPY public.risk_risk (id, risk1, risk2, author, created_at, updated_at, deleted_at) FROM stdin;
\.


--
-- Data for Name: roles; Type: TABLE DATA; Schema: public; Owner: root
--

COPY public.roles (id, "parentRole", department, object, process, name, author, "validFrom", "validUntil", created_at, updated_at, deleted_at) FROM stdin;
\.


--
-- Data for Name: role_permission; Type: TABLE DATA; Schema: public; Owner: root
--

COPY public.role_permission (id, role, permission, author, "validFrom", "validUntil", created_at, updated_at, deleted_at) FROM stdin;
\.


--
-- Data for Name: user_role; Type: TABLE DATA; Schema: public; Owner: root
--

COPY public.user_role (id, "user", role, author, "validFrom", "validUntil", created_at, updated_at, deleted_at) FROM stdin;
\.


--
-- Data for Name: user_vacancy; Type: TABLE DATA; Schema: public; Owner: root
--

COPY public.user_vacancy (id, "user", vacancy, author, "validFrom", "validUntil", created_at, updated_at, deleted_at) FROM stdin;
6281052e-5f44-4f37-ab09-10f48cf91494	30b0310d-15bd-41b4-bd1d-17d5a875a6f6	a1395941-e8c9-452f-b9b0-8e1f647c7e93	9b2a7d0a-573d-4dfd-98a4-9c0d8a7b1bac	2023-03-19 17:27:53	\N	2023-03-19 17:28:00	2023-03-19 17:28:02	\N
dbfcc98f-bc08-48c9-9c70-20bccc6a478a	250702e4-ac1c-43f0-b299-f994af07a32a	943cfa7c-7723-420e-8b19-1fbba63896dc	30b0310d-15bd-41b4-bd1d-17d5a875a6f6	2023-03-21 06:41:23	\N	2023-03-21 06:41:23	2023-03-21 06:41:23	\N
63695938-11a5-4fa5-b507-cfc1a3f4941f	d99b273b-7eb5-419f-a1ba-f82b4495bc80	a1395941-e8c9-452f-b9b0-8e1f647c7e93	30b0310d-15bd-41b4-bd1d-17d5a875a6f6	2023-03-21 06:41:23	\N	2023-03-21 06:41:23	2023-03-21 06:41:23	\N
d59078c7-08dd-459b-877d-c2c994e0a8cf	e169f33f-febb-4dd5-8140-da6077bd5400	1e3f3d3d-a2b5-4fcc-83d1-a2d110a15271	30b0310d-15bd-41b4-bd1d-17d5a875a6f6	2023-04-04 13:54:29	\N	2023-04-04 13:54:29	2023-04-04 13:54:29	\N
a3698623-fa88-4af1-b041-1914602f5298	e169f33f-febb-4dd5-8140-da6077bd5400	1e3f3d3d-a2b5-4fcc-83d1-a2d110a15271	30b0310d-15bd-41b4-bd1d-17d5a875a6f6	2023-04-04 13:54:29	\N	2023-04-04 13:54:29	2023-04-04 13:54:29	\N
\.


--
-- Data for Name: users_laravel_native; Type: TABLE DATA; Schema: public; Owner: root
--

COPY public.users_laravel_native (id, name, email, email_verified_at, password, remember_token, created_at, updated_at, deleted_at) FROM stdin;
666	Ярослав	2@2.ru	\N	$2y$10$75fTyBIhrHkFs4N5Up/ro.q/OyEgzG2BLI.kov0xCehP6YWCKPqxi	\N	2023-03-22 10:01:09	2023-03-22 10:01:09	\N
\.


--
-- Name: failed_jobs_id_seq; Type: SEQUENCE SET; Schema: public; Owner: root
--

SELECT pg_catalog.setval('public.failed_jobs_id_seq', 1, false);


--
-- Name: migrations_id_seq; Type: SEQUENCE SET; Schema: public; Owner: root
--

SELECT pg_catalog.setval('public.migrations_id_seq', 147, true);


--
-- Name: users_laravel_native_id_seq; Type: SEQUENCE SET; Schema: public; Owner: root
--

SELECT pg_catalog.setval('public.users_laravel_native_id_seq', 2, true);


--
-- PostgreSQL database dump complete
--

